file,folder,slides,ships,hard,advisory,hard_codes,advisory_codes,dims,fonts_offending,colors_offending,tier_slides,diagnostic_slides,markers_present,teacher_prep,concept_bank,links_slide,teacher_note,day_dividers,n_aspects,critical_aspects,move1_pass,move1_verdict,coordination,coordination_candidates,conditional_types,visibility_declared,bank_relates,what_if,slide_types_ordered
▶ LIVE — Cycle 01 — Lab Safety (VT).pptx,Cycle 01 — Course Launch & Lab Safety (Unit 1),25,False,7,7,H-FORMAT-FONT; H-FORMAT-HEX; H-FORMAT-SCALE; H-TEACHER-PREP; H-CONCEPT-BANK; H-LINKS-SLIDE; H-TEACHER-NOTE,A-PALETTE-DRIFT; A-TIER-COLOR; A-TN-ITEMS; A-NO-FUSION; A-CA-NOT-DECLARED; A-CORE-DROPPED; A-VISIBILITY,9144000x6858000,Calibri; Overlock,17365D; 1D1B10; 1E1C11; 7030A0; 999999; D68910; D9383A; F9F6FC,1,6,Critical aspect; Pattern break; Build-a-rule; What-if,0,0,0,0,0,1,what a safety symbol is really telling you,True,S12: comparison,,,,False,False,1,Content/Explanation > Bellringer > Content/Explanation > Content/Explanation > Content/Explanation > Content/Explanation > Content/Explanation > Content/Explanation > Content/Explanation > Content/Explanation > Content/Explanation > Content/Explanation > Content/Explanation > Build a Rule > Pattern Break > 3-Tier Question > Content/Explanation > Content/Explanation > Content/Explanation > Content/Explanation > Content/Explanation > Content/Explanation > Content/Explanation > What if > Content/Explanation
▶ LIVE — Cycle01_Day 1.pptx,Cycle 01 — Course Launch & Lab Safety (Unit 1),9,False,9,8,H-FORMAT-FONT; H-FORMAT-SCALE; H-TIER-VERBATIM; H-TEACHER-PREP; H-CONCEPT-BANK; H-LINKS-SLIDE; H-TEACHER-NOTE,A-PALETTE-DRIFT; A-MARKER-ABSENT; A-TN-ITEMS; A-MOVE1-NO-DIFF; A-NO-FUSION; A-CA-NOT-DECLARED; A-CORE-DROPPED; A-VISIBILITY,9144000x6858000,Calibri; Inter; Inter ExtraBold,1A202C; 2D3748; 4A5568; 718096,0,1,Critical aspect,0,0,0,0,0,1,What makes a science class worth being in,False,S4: NO DIFFERENCE,,,,False,False,0,Content/Explanation > Content/Explanation > Content/Explanation > Content/Explanation > Content/Explanation > Content/Explanation > Content/Explanation > Content/Explanation > Content/Explanation
_backup_before_corner_strip.pptx,Cycle 02 — Ecosystems & Feeding Relationships (Unit 1),34,False,2,6,H-TEACHER-PREP; H-TEACHER-NOTE,A-TN-ITEMS; A-CA-NOT-DECLARED; A-COND-NO-REASON; A-VISIBILITY; A-BANK-NO-RELATE; A-WHATIF,9144000x6858000,,,2,13,Critical aspect; Pattern break; Build-a-rule; What-if,0,1,1,0,3,2,Energy flow through trophic levels | Symbiosis and species relationships,True,S7: named alternatives ;; S19: comparison,stock-and-flow model (slide 32),possible conflict case (slide 23),Continuity question (slide 13); Stock-and-flow model (slide 8),False,False,1,Teacher reference > Day divider > Bellringer > Content/Explanation > Content/Explanation > Content/Explanation > Content/Explanation > Stock-and-flow model > Contrast Set > Content/Explanation > Build a Rule > Pattern Break > Continuity question > 3-Tier Question > Response slide > Activity > Day divider > Activity > Content/Explanation > Content/Explanation > Contrast Set > Build a Rule > Pattern Break > 3-Tier Question > Response slide > Activity > What if > Optional challenge > Relates to me > Concept Bank > Day divider > Teacher navigation > Links slide > Image credits
▶ LIVE — Cycle 02 — Ecosystems & Feeding Relationships (VT deck) — with Concept Bank + slide index.pptx,Cycle 02 — Ecosystems & Feeding Relationships (Unit 1),34,False,2,6,H-TEACHER-PREP; H-TEACHER-NOTE,A-TN-ITEMS; A-CA-NOT-DECLARED; A-COND-NO-REASON; A-VISIBILITY; A-BANK-NO-RELATE; A-WHATIF,9144000x6858000,,,2,13,Critical aspect; Pattern break; Build-a-rule; What-if,0,1,1,0,3,2,Energy flow through trophic levels | Symbiosis and species relationships,True,S7: named alternatives ;; S19: comparison,stock-and-flow model (slide 32),possible conflict case (slide 23),Continuity question (slide 13); Stock-and-flow model (slide 8),False,False,1,Teacher reference > Day divider > Bellringer > Content/Explanation > Content/Explanation > Content/Explanation > Content/Explanation > Stock-and-flow model > Contrast Set > Content/Explanation > Build a Rule > Pattern Break > Continuity question > 3-Tier Question > Response slide > Activity > Day divider > Activity > Content/Explanation > Content/Explanation > Contrast Set > Build a Rule > Pattern Break > 3-Tier Question > Response slide > Activity > What if > Optional challenge > Relates to me > Concept Bank > Day divider > Teacher navigation > Links slide > Image credits
▶ LIVE — Cycle 02 — Ecosystems & Feeding Relationships (VT deck) — with Concept Bank.pptx,Cycle 02 — Ecosystems & Feeding Relationships (Unit 1),37,False,3,6,H-TEACHER-PREP; H-TEACHER-NOTE; H-VOCAB,A-TN-ITEMS; A-CA-NOT-DECLARED; A-COND-NO-REASON; A-VISIBILITY; A-BANK-NO-RELATE; A-WHATIF,9144000x6858000,,,3,14,Critical aspect; Pattern break; Build-a-rule; What-if,0,1,1,0,3,2,Energy flow through trophic levels | Symbiosis and species relationships,True,S7: named alternatives ;; S19: comparison,stock-and-flow model (slide 35),possible conflict case (slide 23),Continuity question (slide 13); Stock-and-flow model (slide 8),False,False,1,Teacher reference > Day divider > Bellringer > Content/Explanation > Content/Explanation > Content/Explanation > Content/Explanation > Stock-and-flow model > Contrast Set > Content/Explanation > Build a Rule > Pattern Break > Continuity question > 3-Tier Question > Response slide > Activity > Day divider > Activity > Content/Explanation > Content/Explanation > Contrast Set > Build a Rule > Pattern Break > 3-Tier Question > Response slide > Activity > Concept Bank > Day divider > What if > Optional challenge > Relates to me > 3-Tier Question > Closing checklist > Content/Explanation > Teacher navigation > Links slide > Image credits
▶ LIVE — Cycle 02 — Ecosystems & Feeding Relationships (VT deck).pptx,Cycle 02 — Ecosystems & Feeding Relationships (Unit 1),36,False,4,5,H-TEACHER-PREP; H-CONCEPT-BANK; H-TEACHER-NOTE; H-VOCAB,A-TN-ITEMS; A-CA-NOT-DECLARED; A-COND-NO-REASON; A-VISIBILITY; A-WHATIF,9144000x6858000,,,3,14,Critical aspect; Pattern break; Build-a-rule; What-if,0,0,1,0,3,2,Energy flow through trophic levels | Symbiosis and species relationships,True,S7: named alternatives ;; S19: comparison,stock-and-flow model (slide 34),possible conflict case (slide 23),Continuity question (slide 13); Stock-and-flow model (slide 8),False,False,1,Teacher reference > Day divider > Bellringer > Content/Explanation > Content/Explanation > Content/Explanation > Content/Explanation > Stock-and-flow model > Contrast Set > Content/Explanation > Build a Rule > Pattern Break > Continuity question > 3-Tier Question > Response slide > Activity > Day divider > Activity > Content/Explanation > Content/Explanation > Contrast Set > Build a Rule > Pattern Break > 3-Tier Question > Response slide > Activity > Day divider > What if > Optional challenge > Relates to me > 3-Tier Question > Closing checklist > Content/Explanation > Teacher navigation > Links slide > Image credits
▶ LIVE — Cycle 03 — Energy Flow & Trophic Pyramids — with Concept Bank.pptx,Cycle 03 — Energy Flow & Trophic Pyramids (Unit 1),33,False,2,7,H-FORMAT-FONT; H-TEACHER-NOTE,A-TN-ITEMS; A-MOVE1-NO-DIFF; A-CA-NOT-DECLARED; A-COND-NO-REASON; A-VISIBILITY; A-BANK-NO-RELATE; A-WHATIF,9144000x6858000,Inter; Inter ExtraBold; Inter Medium,,2,12,Critical aspect; Pattern break; Build-a-rule; What-if,1,1,1,0,3,2,Producers are the only entry point for energy | Only ~10% of energy passes to the next level,False,S8: comparison ;; S19: NO DIFFERENCE,stock-and-flow model (slide 9),,Stock-and-flow model (slide 9),False,False,1,Bellringer > Teacher Prep > Day divider > Bellringer > Content/Explanation > Content/Explanation > Content/Explanation > Content/Explanation > Stock-and-flow model > Contrast Set > Content/Explanation > Build a Rule > Pattern Break > 3-Tier Question > Response slide > Activity > Activity > Day divider > Content/Explanation > Contrast Set > Build a Rule > Pattern Break > 3-Tier Question > Response slide > Activity > What if > Optional challenge > Relates to me > Concept Bank > Day divider > Closing checklist > Links slide > Image credits
▶ LIVE — Cycle 03 — Energy Flow & Trophic Pyramids.pptx,Cycle 03 — Energy Flow & Trophic Pyramids (Unit 1),32,False,3,6,H-FORMAT-FONT; H-CONCEPT-BANK; H-TEACHER-NOTE,A-TN-ITEMS; A-MOVE1-NO-DIFF; A-CA-NOT-DECLARED; A-COND-NO-REASON; A-VISIBILITY; A-WHATIF,9144000x6858000,Inter; Inter ExtraBold; Inter Medium,,2,12,Critical aspect; Pattern break; Build-a-rule; What-if,1,0,1,0,3,2,Producers are the only entry point for energy | Only ~10% of energy passes to the next level,False,S8: comparison ;; S19: NO DIFFERENCE,stock-and-flow model (slide 9),,Stock-and-flow model (slide 9),False,False,1,Bellringer > Teacher Prep > Day divider > Bellringer > Content/Explanation > Content/Explanation > Content/Explanation > Content/Explanation > Stock-and-flow model > Contrast Set > Content/Explanation > Build a Rule > Pattern Break > 3-Tier Question > Response slide > Activity > Activity > Day divider > Content/Explanation > Contrast Set > Build a Rule > Pattern Break > 3-Tier Question > Response slide > Activity > What if > Optional challenge > Relates to me > Day divider > Closing checklist > Links slide > Image credits
▶ LIVE — Cycle 04 — Cycles of Matter_ The Carbon Cycle — with Concept Bank.pptx,Cycle 04 — Cycles of Matter_ The Carbon Cycle (Unit 1),30,False,2,7,H-TEACHER-PREP; H-TEACHER-NOTE,A-LINKS-UNLISTED; A-TN-ITEMS; A-CA-NOT-DECLARED; A-COND-NO-REASON; A-VISIBILITY; A-BANK-NO-RELATE; A-WHATIF,9144000x6858000,,,2,12,Critical aspect; Pattern break; Build-a-rule; What-if,0,1,1,0,3,2,"Carbon moves from the air into living things | Matter cycles, energy does not",True,"S7: comparison, change condition ;; S17: comparison",stock-and-flow model (slide 8),,Stock-and-flow model (slide 8),False,False,1,Teacher reference > Day divider > Bellringer > Content/Explanation > Content/Explanation > Content/Explanation > Content/Explanation > Stock-and-flow model > Contrast Set > Content/Explanation > Build a Rule > Pattern Break > 3-Tier Question > Response slide > Activity > Day divider > Content/Explanation > Contrast Set > Build a Rule > Pattern Break > 3-Tier Question > Response slide > Activity > What if > Optional challenge > Relates to me > Concept Bank > Day divider > Links slide > Image credits
▶ LIVE — Cycle 04 — Cycles of Matter_ The Carbon Cycle.pptx,Cycle 04 — Cycles of Matter_ The Carbon Cycle (Unit 1),29,False,3,6,H-TEACHER-PREP; H-CONCEPT-BANK; H-TEACHER-NOTE,A-LINKS-UNLISTED; A-TN-ITEMS; A-CA-NOT-DECLARED; A-COND-NO-REASON; A-VISIBILITY; A-WHATIF,9144000x6858000,,,2,12,Critical aspect; Pattern break; Build-a-rule; What-if,0,0,1,0,3,2,"Carbon moves from the air into living things | Matter cycles, energy does not",True,"S7: comparison, change condition ;; S17: comparison",stock-and-flow model (slide 8),,Stock-and-flow model (slide 8),False,False,1,Teacher reference > Day divider > Bellringer > Content/Explanation > Content/Explanation > Content/Explanation > Content/Explanation > Stock-and-flow model > Contrast Set > Content/Explanation > Build a Rule > Pattern Break > 3-Tier Question > Response slide > Activity > Day divider > Content/Explanation > Contrast Set > Build a Rule > Pattern Break > 3-Tier Question > Response slide > Activity > What if > Optional challenge > Relates to me > Day divider > Links slide > Image credits
▶ LIVE — Cycle 05 — Photosynthesis — with Concept Bank.pptx,Cycle 05 — Photosynthesis (Unit 1),32,False,1,7,H-TEACHER-NOTE,A-TN-ITEMS; A-MOVE1-NO-DIFF; A-CA-NOT-DECLARED; A-COND-NO-REASON; A-VISIBILITY; A-BANK-NO-RELATE; A-WHATIF,9144000x6858000,,,2,12,Critical aspect; Pattern break; Build-a-rule; What-if,1,1,1,0,3,2,"Light energy becomes chemical energy in glucose | A plant's material comes from air and water, not soil",False,S8: NO DIFFERENCE ;; S18: change condition,stock-and-flow model (slide 9),,Stock-and-flow model (slide 9),False,False,1,Teacher reference > Teacher Prep > Day divider > Bellringer > Content/Explanation > Content/Explanation > Content/Explanation > Content/Explanation > Stock-and-flow model > Contrast Set > Content/Explanation > Build a Rule > Pattern Break > 3-Tier Question > Response slide > Activity > Day divider > Content/Explanation > Contrast Set > Build a Rule > Pattern Break > 3-Tier Question > Response slide > Activity > What if > Optional challenge > Relates to me > Concept Bank > Day divider > Closing checklist > Links slide > Image credits
▶ LIVE — Cycle 05 — Photosynthesis.pptx,Cycle 05 — Photosynthesis (Unit 1),31,False,2,6,H-CONCEPT-BANK; H-TEACHER-NOTE,A-TN-ITEMS; A-MOVE1-NO-DIFF; A-CA-NOT-DECLARED; A-COND-NO-REASON; A-VISIBILITY; A-WHATIF,9144000x6858000,,,2,12,Critical aspect; Pattern break; Build-a-rule; What-if,1,0,1,0,3,2,"Light energy becomes chemical energy in glucose | A plant's material comes from air and water, not soil",False,S8: NO DIFFERENCE ;; S18: change condition,stock-and-flow model (slide 9),,Stock-and-flow model (slide 9),False,False,1,Teacher reference > Teacher Prep > Day divider > Bellringer > Content/Explanation > Content/Explanation > Content/Explanation > Content/Explanation > Stock-and-flow model > Contrast Set > Content/Explanation > Build a Rule > Pattern Break > 3-Tier Question > Response slide > Activity > Day divider > Content/Explanation > Contrast Set > Build a Rule > Pattern Break > 3-Tier Question > Response slide > Activity > What if > Optional challenge > Relates to me > Day divider > Closing checklist > Links slide > Image credits
▶ LIVE — Cycle 06 — Cellular Respiration & Fermentation — with Concept Bank.pptx,Cycle 06 — Cellular Respiration & Fermentation (Unit 1),33,False,2,7,H-FORMAT-FONT; H-TEACHER-NOTE,A-LINKS-UNLISTED; A-TN-ITEMS; A-CA-NOT-DECLARED; A-COND-NO-REASON; A-VISIBILITY; A-BANK-NO-RELATE; A-WHATIF,9144000x6858000,Calibri,,2,12,Critical aspect; Pattern break; Build-a-rule; What-if,1,1,1,0,3,2,Releasing the energy in glucose | Oxygen and how much ATP you get,True,S10: comparison ;; S20: comparison,stock-and-flow model (slide 11),,Stock-and-flow model (slide 11),False,False,1,Teacher reference > Content/Explanation > Teacher Prep > Day divider > Bellringer > Bellringer > Content/Explanation > Content/Explanation > Content/Explanation > Content/Explanation > Stock-and-flow model > Contrast Set > Content/Explanation > Build a Rule > Pattern Break > 3-Tier Question > Response slide > Activity > Day divider > Content/Explanation > Contrast Set > Build a Rule > Pattern Break > 3-Tier Question > Response slide > Activity > What if > Optional challenge > Relates to me > Concept Bank > Day divider > Links slide > Image credits
▶ LIVE — Cycle 06 — Cellular Respiration & Fermentation.pptx,Cycle 06 — Cellular Respiration & Fermentation (Unit 1),32,False,3,6,H-FORMAT-FONT; H-CONCEPT-BANK; H-TEACHER-NOTE,A-LINKS-UNLISTED; A-TN-ITEMS; A-CA-NOT-DECLARED; A-COND-NO-REASON; A-VISIBILITY; A-WHATIF,9144000x6858000,Calibri,,2,12,Critical aspect; Pattern break; Build-a-rule; What-if,1,0,1,0,3,2,Releasing the energy in glucose | Oxygen and how much ATP you get,True,S10: comparison ;; S20: comparison,stock-and-flow model (slide 11),,Stock-and-flow model (slide 11),False,False,1,Teacher reference > Content/Explanation > Teacher Prep > Day divider > Bellringer > Bellringer > Content/Explanation > Content/Explanation > Content/Explanation > Content/Explanation > Stock-and-flow model > Contrast Set > Content/Explanation > Build a Rule > Pattern Break > 3-Tier Question > Response slide > Activity > Day divider > Content/Explanation > Contrast Set > Build a Rule > Pattern Break > 3-Tier Question > Response slide > Activity > What if > Optional challenge > Relates to me > Day divider > Links slide > Image credits
▶ LIVE — Cycle 07a — Population Ecology — with Concept Bank.pptx,Cycle 07 — Ecosystem Dynamics_ Populations & Succession (Unit 1),33,False,1,8,H-TEACHER-NOTE,A-TN-ITEMS; A-MOVE1-NO-DIFF; A-CA-NOT-DECLARED; A-COND-NO-REASON; A-VISIBILITY; A-BANK-NO-RELATE; A-WHATIF,9144000x6858000,,,2,12,Critical aspect; Pattern break; Build-a-rule; What-if,1,1,1,0,3,2,Why growth bends — J vs S | What sets carrying capacity,False,S8: NO DIFFERENCE ;; S18: NO DIFFERENCE,stock-and-flow model (slide 9),,Stock-and-flow model (slide 9),False,False,1,Teacher reference > Teacher Prep > Day divider > Bellringer > Content/Explanation > Content/Explanation > Content/Explanation > Content/Explanation > Stock-and-flow model > Contrast Set > Content/Explanation > Build a Rule > Pattern Break > 3-Tier Question > Response slide > Activity > Day divider > Content/Explanation > Contrast Set > Build a Rule > Pattern Break > 3-Tier Question > Response slide > Activity > Activity > What if > Optional challenge > Relates to me > Concept Bank > Day divider > Closing checklist > Links slide > Image credits
▶ LIVE — Cycle 07a — Population Ecology.pptx,Cycle 07 — Ecosystem Dynamics_ Populations & Succession (Unit 1),32,False,2,7,H-CONCEPT-BANK; H-TEACHER-NOTE,A-TN-ITEMS; A-MOVE1-NO-DIFF; A-CA-NOT-DECLARED; A-COND-NO-REASON; A-VISIBILITY; A-WHATIF,9144000x6858000,,,2,12,Critical aspect; Pattern break; Build-a-rule; What-if,1,0,1,0,3,2,Why growth bends — J vs S | What sets carrying capacity,False,S8: NO DIFFERENCE ;; S18: NO DIFFERENCE,stock-and-flow model (slide 9),,Stock-and-flow model (slide 9),False,False,1,Teacher reference > Teacher Prep > Day divider > Bellringer > Content/Explanation > Content/Explanation > Content/Explanation > Content/Explanation > Stock-and-flow model > Contrast Set > Content/Explanation > Build a Rule > Pattern Break > 3-Tier Question > Response slide > Activity > Day divider > Content/Explanation > Contrast Set > Build a Rule > Pattern Break > 3-Tier Question > Response slide > Activity > Activity > What if > Optional challenge > Relates to me > Day divider > Closing checklist > Links slide > Image credits
▶ LIVE — Cycle 07b — Populations & Succession — with Concept Bank.pptx,Cycle 07 — Ecosystem Dynamics_ Populations & Succession (Unit 1),31,False,1,7,H-TEACHER-NOTE,A-LINKS-UNLISTED; A-TN-ITEMS; A-CA-NOT-DECLARED; A-COND-NO-REASON; A-VISIBILITY; A-BANK-NO-RELATE; A-WHATIF,9144000x6858000,,,2,12,Critical aspect; Pattern break; Build-a-rule; What-if,1,1,1,0,3,2,Where succession is headed | What pioneer species do,True,S8: comparison ;; S18: comparison,stock-and-flow model (slide 9),,Stock-and-flow model (slide 9),False,False,1,Teacher reference > Teacher Prep > Day divider > Bellringer > Content/Explanation > Content/Explanation > Content/Explanation > Content/Explanation > Stock-and-flow model > Contrast Set > Content/Explanation > Build a Rule > Pattern Break > 3-Tier Question > Response slide > Activity > Day divider > Content/Explanation > Contrast Set > Build a Rule > Pattern Break > 3-Tier Question > Response slide > Activity > What if > Optional challenge > Relates to me > Concept Bank > Day divider > Links slide > Image credits
▶ LIVE — Cycle 07b — Populations & Succession.pptx,Cycle 07 — Ecosystem Dynamics_ Populations & Succession (Unit 1),30,False,2,6,H-CONCEPT-BANK; H-TEACHER-NOTE,A-LINKS-UNLISTED; A-TN-ITEMS; A-CA-NOT-DECLARED; A-COND-NO-REASON; A-VISIBILITY; A-WHATIF,9144000x6858000,,,2,12,Critical aspect; Pattern break; Build-a-rule; What-if,1,0,1,0,3,2,Where succession is headed | What pioneer species do,True,S8: comparison ;; S18: comparison,stock-and-flow model (slide 9),,Stock-and-flow model (slide 9),False,False,1,Teacher reference > Teacher Prep > Day divider > Bellringer > Content/Explanation > Content/Explanation > Content/Explanation > Content/Explanation > Stock-and-flow model > Contrast Set > Content/Explanation > Build a Rule > Pattern Break > 3-Tier Question > Response slide > Activity > Day divider > Content/Explanation > Contrast Set > Build a Rule > Pattern Break > 3-Tier Question > Response slide > Activity > What if > Optional challenge > Relates to me > Day divider > Links slide > Image credits
▶ LIVE — Cycle 08 — Cells & Organelles — with Concept Bank.pptx,Cycle 08 — Cells & Organelles (Unit 2),31,False,1,7,H-TEACHER-NOTE,A-LINKS-UNLISTED; A-TN-ITEMS; A-MOVE1-NO-DIFF; A-NO-FUSION; A-CA-NOT-DECLARED; A-VISIBILITY; A-BANK-NO-RELATE,9144000x6858000,,,2,11,Critical aspect; Pattern break; Build-a-rule; What-if,1,1,1,0,3,2,Structure fits function | Plant cell vs animal cell,False,Structure fits function: NO MOVE-1 SLIDE ;; S17: comparison,,,,False,False,1,Teacher reference > Teacher Prep > Day divider > Bellringer > Content/Explanation > Content/Explanation > Content/Explanation > Content/Explanation > Contrast Set > Content/Explanation > Build a Rule > Pattern Break > 3-Tier Question > Response slide > Activity > Day divider > Content/Explanation > Contrast Set > Build a Rule > Pattern Break > 3-Tier Question > Response slide > Activity > Content/Explanation > What if > Optional challenge > Relates to me > Concept Bank > Day divider > Links slide > Image credits
▶ LIVE — Cycle 08 — Cells & Organelles.pptx,Cycle 08 — Cells & Organelles (Unit 2),30,False,2,6,H-CONCEPT-BANK; H-TEACHER-NOTE,A-LINKS-UNLISTED; A-TN-ITEMS; A-MOVE1-NO-DIFF; A-NO-FUSION; A-CA-NOT-DECLARED; A-VISIBILITY,9144000x6858000,,,2,11,Critical aspect; Pattern break; Build-a-rule; What-if,1,0,1,0,3,2,Structure fits function | Plant cell vs animal cell,False,Structure fits function: NO MOVE-1 SLIDE ;; S17: comparison,,,,False,False,1,Teacher reference > Teacher Prep > Day divider > Bellringer > Content/Explanation > Content/Explanation > Content/Explanation > Content/Explanation > Contrast Set > Content/Explanation > Build a Rule > Pattern Break > 3-Tier Question > Response slide > Activity > Day divider > Content/Explanation > Contrast Set > Build a Rule > Pattern Break > 3-Tier Question > Response slide > Activity > Content/Explanation > What if > Optional challenge > Relates to me > Day divider > Links slide > Image credits
▶ LIVE — Cycle 09 (review) — Cell Membrane & Transport — with Concept Bank.pptx,Cycle 09 — Cell Membrane & Transport (Unit 2),38,False,4,9,H-FORMAT-FONT; H-FORMAT-HEX; H-FORMAT-SCALE; H-TEACHER-NOTE,A-PALETTE-DRIFT; A-LINKS-UNLISTED; A-TN-ITEMS; A-MOVE1-NO-DIFF; A-CA-NOT-DECLARED; A-COND-NO-REASON; A-VISIBILITY; A-BANK-NO-RELATE; A-WHATIF,9144000x6858000,Calibri,1A1A1A,2,12,Critical aspect; Pattern break; Build-a-rule; What-if,1,1,1,0,3,2,Selective permeability | Bilayer structure,False,"S8: comparison, named alternatives ;; S18: NO DIFFERENCE",stock-and-flow model (slide 9),,Stock-and-flow model (slide 9),False,False,1,Teacher reference > Teacher Prep > Day divider > Bellringer > Content/Explanation > Content/Explanation > Content/Explanation > Content/Explanation > Stock-and-flow model > Contrast Set > Content/Explanation > Build a Rule > Pattern Break > 3-Tier Question > Response slide > Activity > Day divider > Content/Explanation > Contrast Set > Build a Rule > Pattern Break > 3-Tier Question > Response slide > Activity > What if > Content/Explanation > Content/Explanation > Content/Explanation > Content/Explanation > Content/Explanation > Content/Explanation > Content/Explanation > Build a Rule > Relates to me > Concept Bank > Day divider > Links slide > Image credits
▶ LIVE — Cycle 09 (review) — Cell Membrane & Transport.pptx,Cycle 09 — Cell Membrane & Transport (Unit 2),37,False,5,8,H-FORMAT-FONT; H-FORMAT-HEX; H-FORMAT-SCALE; H-CONCEPT-BANK; H-TEACHER-NOTE,A-PALETTE-DRIFT; A-LINKS-UNLISTED; A-TN-ITEMS; A-MOVE1-NO-DIFF; A-CA-NOT-DECLARED; A-COND-NO-REASON; A-VISIBILITY; A-WHATIF,9144000x6858000,Calibri,1A1A1A,2,12,Critical aspect; Pattern break; Build-a-rule; What-if,1,0,1,0,3,2,Selective permeability | Bilayer structure,False,"S8: comparison, named alternatives ;; S18: NO DIFFERENCE",stock-and-flow model (slide 9),,Stock-and-flow model (slide 9),False,False,1,Teacher reference > Teacher Prep > Day divider > Bellringer > Content/Explanation > Content/Explanation > Content/Explanation > Content/Explanation > Stock-and-flow model > Contrast Set > Content/Explanation > Build a Rule > Pattern Break > 3-Tier Question > Response slide > Activity > Day divider > Content/Explanation > Contrast Set > Build a Rule > Pattern Break > 3-Tier Question > Response slide > Activity > What if > Content/Explanation > Content/Explanation > Content/Explanation > Content/Explanation > Content/Explanation > Content/Explanation > Content/Explanation > Build a Rule > Relates to me > Day divider > Links slide > Image credits
▶ LIVE — Cycle 10 — Enzymes — with Concept Bank.pptx,Cycle 10 — Enzymes (Unit 2),35,False,1,6,H-TEACHER-NOTE,A-TN-ITEMS; A-CA-NOT-DECLARED; A-COND-NO-REASON; A-VISIBILITY; A-BANK-NO-RELATE; A-WHATIF,9144000x6858000,,,2,12,Critical aspect; Pattern break; Build-a-rule; What-if,1,1,1,0,3,2,"Enzymes lower activation energy and aren't used up | Shape, specificity, and denaturing",True,"S8: comparison, change condition ;; S18: comparison",stock-and-flow model (slide 9),,Stock-and-flow model (slide 9),False,False,1,Teacher reference > Teacher Prep > Day divider > Bellringer > Content/Explanation > Content/Explanation > Content/Explanation > Content/Explanation > Stock-and-flow model > Contrast Set > Content/Explanation > Build a Rule > Pattern Break > 3-Tier Question > Response slide > Activity > Day divider > Content/Explanation > Contrast Set > Build a Rule > Pattern Break > 3-Tier Question > Response slide > Activity > Activity > Activity > Activity > What if > Content/Explanation > Relates to me > Concept Bank > Day divider > Closing checklist > Links slide > Image credits
▶ LIVE — Cycle 10 — Enzymes.pptx,Cycle 10 — Enzymes (Unit 2),34,False,2,5,H-CONCEPT-BANK; H-TEACHER-NOTE,A-TN-ITEMS; A-CA-NOT-DECLARED; A-COND-NO-REASON; A-VISIBILITY; A-WHATIF,9144000x6858000,,,2,12,Critical aspect; Pattern break; Build-a-rule; What-if,1,0,1,0,3,2,"Enzymes lower activation energy and aren't used up | Shape, specificity, and denaturing",True,"S8: comparison, change condition ;; S18: comparison",stock-and-flow model (slide 9),,Stock-and-flow model (slide 9),False,False,1,Teacher reference > Teacher Prep > Day divider > Bellringer > Content/Explanation > Content/Explanation > Content/Explanation > Content/Explanation > Stock-and-flow model > Contrast Set > Content/Explanation > Build a Rule > Pattern Break > 3-Tier Question > Response slide > Activity > Day divider > Content/Explanation > Contrast Set > Build a Rule > Pattern Break > 3-Tier Question > Response slide > Activity > Activity > Activity > Activity > What if > Content/Explanation > Relates to me > Day divider > Closing checklist > Links slide > Image credits
▶ LIVE — Cycle 11 — The Cell Cycle to Cancer — with Concept Bank.pptx,Cycle 11 — The Cell Cycle → Cancer (Unit 2),34,False,2,6,H-FORMAT-FONT; H-TEACHER-NOTE,A-TN-ITEMS; A-CA-NOT-DECLARED; A-COND-NO-REASON; A-VISIBILITY; A-BANK-NO-RELATE; A-WHATIF,9144000x6858000,Calibri,,2,12,Critical aspect; Pattern break; Build-a-rule; What-if,1,1,1,0,3,2,Checkpoints control the cycle | Cancer = regulation failure,True,"S8: comparison ;; S18: comparison, change condition",stock-and-flow model (slide 9),,Stock-and-flow model (slide 9),False,False,1,Teacher reference > Teacher Prep > Day divider > Bellringer > Content/Explanation > Content/Explanation > Content/Explanation > Content/Explanation > Stock-and-flow model > Contrast Set > Content/Explanation > Build a Rule > Pattern Break > 3-Tier Question > Response slide > Activity > Day divider > Content/Explanation > Contrast Set > Build a Rule > Pattern Break > 3-Tier Question > Response slide > Activity > Content/Explanation > Content/Explanation > Content/Explanation > What if > Optional challenge > Relates to me > Concept Bank > Day divider > Links slide > Image credits
▶ LIVE — Cycle 11 — The Cell Cycle to Cancer.pptx,Cycle 11 — The Cell Cycle → Cancer (Unit 2),33,False,3,5,H-FORMAT-FONT; H-CONCEPT-BANK; H-TEACHER-NOTE,A-TN-ITEMS; A-CA-NOT-DECLARED; A-COND-NO-REASON; A-VISIBILITY; A-WHATIF,9144000x6858000,Calibri,,2,12,Critical aspect; Pattern break; Build-a-rule; What-if,1,0,1,0,3,2,Checkpoints control the cycle | Cancer = regulation failure,True,"S8: comparison ;; S18: comparison, change condition",stock-and-flow model (slide 9),,Stock-and-flow model (slide 9),False,False,1,Teacher reference > Teacher Prep > Day divider > Bellringer > Content/Explanation > Content/Explanation > Content/Explanation > Content/Explanation > Stock-and-flow model > Contrast Set > Content/Explanation > Build a Rule > Pattern Break > 3-Tier Question > Response slide > Activity > Day divider > Content/Explanation > Contrast Set > Build a Rule > Pattern Break > 3-Tier Question > Response slide > Activity > Content/Explanation > Content/Explanation > Content/Explanation > What if > Optional challenge > Relates to me > Day divider > Links slide > Image credits
"Cycle 12 — Meiosis (VT deck, rebuilt) — with Concept Bank.pptx",Cycle 12 — Meiosis (Unit 3),32,False,4,5,H-FORMAT-FONT; H-FORMAT-SCALE; H-LINKS-SLIDE; H-TEACHER-NOTE,A-TN-ITEMS; A-NO-FUSION; A-CA-NOT-DECLARED; A-VISIBILITY; A-BANK-NO-RELATE,9144000x6858000,Calibri,,2,12,Critical aspect; Pattern break; Build-a-rule; What-if,2,1,0,0,3,2,"Two divisions, two different separations | One diploid cell becomes four unique haploid cells",True,"S10: comparison, change condition ;; S18: comparison",,,,False,False,1,Teacher reference > Teacher Prep > Day divider > Bellringer > Content/Explanation > Content/Explanation > Content/Explanation > Content/Explanation > Content/Explanation > Content/Explanation > Contrast Set > Build a Rule > Pattern Break > 3-Tier Question > Response slide > Activity > Day divider > Content/Explanation > Contrast Set > Content/Explanation > Build a Rule > Pattern Break > 3-Tier Question > Response slide > Activity > What if > Optional challenge > Relates to me > Concept Bank > Day divider > Teacher Prep > Image credits
"▶ LIVE — Cycle 12 — The Process of Meiosis (VT deck, rebuilt).pptx",Cycle 12 — Meiosis (Unit 3),31,False,5,4,H-FORMAT-FONT; H-FORMAT-SCALE; H-CONCEPT-BANK; H-LINKS-SLIDE; H-TEACHER-NOTE,A-TN-ITEMS; A-NO-FUSION; A-CA-NOT-DECLARED; A-VISIBILITY,9144000x6858000,Calibri,,2,12,Critical aspect; Pattern break; Build-a-rule; What-if,2,0,0,0,3,2,"Two divisions, two different separations | One diploid cell becomes four unique haploid cells",True,"S10: comparison, change condition ;; S18: comparison",,,,False,False,1,Teacher reference > Teacher Prep > Day divider > Bellringer > Content/Explanation > Content/Explanation > Content/Explanation > Content/Explanation > Content/Explanation > Content/Explanation > Contrast Set > Build a Rule > Pattern Break > 3-Tier Question > Response slide > Activity > Day divider > Content/Explanation > Contrast Set > Content/Explanation > Build a Rule > Pattern Break > 3-Tier Question > Response slide > Activity > What if > Optional challenge > Relates to me > Day divider > Teacher Prep > Image credits
▶ LIVE — Cycle 13— Mendelian Genetics — with Concept Bank.pptx,Cycle 13 — Mendelian Genetics (Unit 3),33,False,2,7,H-FORMAT-FONT; H-TEACHER-NOTE,A-PALETTE-DRIFT; A-TN-ITEMS; A-MOVE1-NO-DIFF; A-NO-FUSION; A-CA-NOT-DECLARED; A-VISIBILITY; A-BANK-NO-RELATE,9144000x6858000,Calibri,999999,2,12,Critical aspect; Pattern break; Build-a-rule; What-if,1,1,1,0,3,2,Genotype vs. phenotype | One allele per parent (chance),False,"S8: NO DIFFERENCE ;; S18: comparison, named alternatives",,,,False,False,1,Teacher reference > Teacher Prep > Day divider > Bellringer > Content/Explanation > Content/Explanation > Content/Explanation > Content/Explanation > Contrast Set > Content/Explanation > Build a Rule > Pattern Break > 3-Tier Question > Response slide > Activity > Content/Explanation > Day divider > Content/Explanation > Contrast Set > Build a Rule > Pattern Break > 3-Tier Question > Response slide > Activity > What if > Optional challenge > Optional challenge > Relates to me > Concept Bank > Day divider > Closing checklist > Links slide > Image credits
▶ LIVE — Cycle 13— Mendelian Genetics.pptx,Cycle 13 — Mendelian Genetics (Unit 3),32,False,3,6,H-FORMAT-FONT; H-CONCEPT-BANK; H-TEACHER-NOTE,A-PALETTE-DRIFT; A-TN-ITEMS; A-MOVE1-NO-DIFF; A-NO-FUSION; A-CA-NOT-DECLARED; A-VISIBILITY,9144000x6858000,Calibri,999999,2,12,Critical aspect; Pattern break; Build-a-rule; What-if,1,0,1,0,3,2,Genotype vs. phenotype | One allele per parent (chance),False,"S8: NO DIFFERENCE ;; S18: comparison, named alternatives",,,,False,False,1,Teacher reference > Teacher Prep > Day divider > Bellringer > Content/Explanation > Content/Explanation > Content/Explanation > Content/Explanation > Contrast Set > Content/Explanation > Build a Rule > Pattern Break > 3-Tier Question > Response slide > Activity > Content/Explanation > Day divider > Content/Explanation > Contrast Set > Build a Rule > Pattern Break > 3-Tier Question > Response slide > Activity > What if > Optional challenge > Optional challenge > Relates to me > Day divider > Closing checklist > Links slide > Image credits
▶ LIVE — Cycle 14 — DNA Structure & Replication — with Concept Bank.pptx,Cycle 14 — DNA Structure & Replication (Unit 3),33,False,2,6,H-FORMAT-FONT; H-TEACHER-NOTE,A-PALETTE-DRIFT; A-TN-ITEMS; A-NO-FUSION; A-CA-NOT-DECLARED; A-VISIBILITY; A-BANK-NO-RELATE,9144000x6858000,Calibri,999999,2,12,Critical aspect; Pattern break; Build-a-rule; What-if,1,1,1,0,3,2,Each strand is a template | Semiconservative replication,True,S8: comparison ;; S18: named alternatives,,,,False,False,1,Teacher reference > Teacher Prep > Day divider > Bellringer > Content/Explanation > Content/Explanation > Content/Explanation > Content/Explanation > Contrast Set > Content/Explanation > Build a Rule > Pattern Break > 3-Tier Question > Response slide > Activity > Content/Explanation > Day divider > Content/Explanation > Contrast Set > Build a Rule > Pattern Break > 3-Tier Question > Response slide > Activity > What if > Optional challenge > Optional challenge > Relates to me > Concept Bank > Day divider > Closing checklist > Links slide > Image credits
▶ LIVE — Cycle 14 — DNA Structure & Replication.pptx,Cycle 14 — DNA Structure & Replication (Unit 3),32,False,3,5,H-FORMAT-FONT; H-CONCEPT-BANK; H-TEACHER-NOTE,A-PALETTE-DRIFT; A-TN-ITEMS; A-NO-FUSION; A-CA-NOT-DECLARED; A-VISIBILITY,9144000x6858000,Calibri,999999,2,12,Critical aspect; Pattern break; Build-a-rule; What-if,1,0,1,0,3,2,Each strand is a template | Semiconservative replication,True,S8: comparison ;; S18: named alternatives,,,,False,False,1,Teacher reference > Teacher Prep > Day divider > Bellringer > Content/Explanation > Content/Explanation > Content/Explanation > Content/Explanation > Contrast Set > Content/Explanation > Build a Rule > Pattern Break > 3-Tier Question > Response slide > Activity > Content/Explanation > Day divider > Content/Explanation > Contrast Set > Build a Rule > Pattern Break > 3-Tier Question > Response slide > Activity > What if > Optional challenge > Optional challenge > Relates to me > Day divider > Closing checklist > Links slide > Image credits
▶ LIVE — Cycle 15a — Genes & Chromosomes — with Concept Bank.pptx,Cycle 15 — Protein Synthesis (Central Dogma) (Unit 4),33,False,1,5,H-TEACHER-NOTE,A-TN-ITEMS; A-NO-FUSION; A-CA-NOT-DECLARED; A-VISIBILITY; A-BANK-NO-RELATE,9144000x6858000,,,2,12,Critical aspect; Pattern break; Build-a-rule; What-if,1,1,1,0,3,2,A chromosome carries many genes | Alleles are versions of the same gene,True,"S8: comparison, named alternatives ;; S17: comparison, change condition",,,,False,False,1,Teacher reference > Teacher Prep > Day divider > Bellringer > Content/Explanation > Content/Explanation > Content/Explanation > Content/Explanation > Contrast Set > Content/Explanation > Build a Rule > Pattern Break > 3-Tier Question > Response slide > Activity > Day divider > Content/Explanation > Contrast Set > Build a Rule > Pattern Break > 3-Tier Question > Response slide > Activity > Content/Explanation > What if > Optional challenge > Optional challenge > Relates to me > Concept Bank > Day divider > Closing checklist > Links slide > Image credits
▶ LIVE — Cycle 15a — Genes & Chromosomes.pptx,Cycle 15 — Protein Synthesis (Central Dogma) (Unit 4),32,False,2,4,H-CONCEPT-BANK; H-TEACHER-NOTE,A-TN-ITEMS; A-NO-FUSION; A-CA-NOT-DECLARED; A-VISIBILITY,9144000x6858000,,,2,12,Critical aspect; Pattern break; Build-a-rule; What-if,1,0,1,0,3,2,A chromosome carries many genes | Alleles are versions of the same gene,True,"S8: comparison, named alternatives ;; S17: comparison, change condition",,,,False,False,1,Teacher reference > Teacher Prep > Day divider > Bellringer > Content/Explanation > Content/Explanation > Content/Explanation > Content/Explanation > Contrast Set > Content/Explanation > Build a Rule > Pattern Break > 3-Tier Question > Response slide > Activity > Day divider > Content/Explanation > Contrast Set > Build a Rule > Pattern Break > 3-Tier Question > Response slide > Activity > Content/Explanation > What if > Optional challenge > Optional challenge > Relates to me > Day divider > Closing checklist > Links slide > Image credits
▶ LIVE — Cycle 15b — Protein Synthesis — with Concept Bank.pptx,Cycle 15 — Protein Synthesis (Central Dogma) (Unit 4),33,False,1,5,H-TEACHER-NOTE,A-TN-ITEMS; A-NO-FUSION; A-CA-NOT-DECLARED; A-VISIBILITY; A-BANK-NO-RELATE,9144000x6858000,,,2,12,Critical aspect; Pattern break; Build-a-rule; What-if,1,1,1,0,3,2,Transcription | Translation,True,S8: comparison ;; S18: comparison,,,,False,False,1,Teacher reference > Teacher Prep > Day divider > Bellringer > Content/Explanation > Content/Explanation > Content/Explanation > Content/Explanation > Contrast Set > Content/Explanation > Build a Rule > Pattern Break > 3-Tier Question > Response slide > Activity > Content/Explanation > Day divider > Content/Explanation > Contrast Set > Build a Rule > Pattern Break > 3-Tier Question > Response slide > Activity > What if > Optional challenge > Optional challenge > Relates to me > Concept Bank > Day divider > Closing checklist > Links slide > Image credits
▶ LIVE — Cycle 15b — Protein Synthesis.pptx,Cycle 15 — Protein Synthesis (Central Dogma) (Unit 4),32,False,2,4,H-CONCEPT-BANK; H-TEACHER-NOTE,A-TN-ITEMS; A-NO-FUSION; A-CA-NOT-DECLARED; A-VISIBILITY,9144000x6858000,,,2,12,Critical aspect; Pattern break; Build-a-rule; What-if,1,0,1,0,3,2,Transcription | Translation,True,S8: comparison ;; S18: comparison,,,,False,False,1,Teacher reference > Teacher Prep > Day divider > Bellringer > Content/Explanation > Content/Explanation > Content/Explanation > Content/Explanation > Contrast Set > Content/Explanation > Build a Rule > Pattern Break > 3-Tier Question > Response slide > Activity > Content/Explanation > Day divider > Content/Explanation > Contrast Set > Build a Rule > Pattern Break > 3-Tier Question > Response slide > Activity > What if > Optional challenge > Optional challenge > Relates to me > Day divider > Closing checklist > Links slide > Image credits
▶ LIVE — Cycle 16a — Stem Cells and Differentiation — with Concept Bank.pptx,Cycle 16 — Mutations & Gene Expression (Unit 4),37,False,2,6,H-FORMAT-HEX; H-TEACHER-NOTE,A-TN-ITEMS; A-MOVE1-NO-DIFF; A-NO-FUSION; A-CA-NOT-DECLARED; A-VISIBILITY; A-BANK-NO-RELATE,9144000x6858000,,,4,14,Critical aspect; Pattern break; Build-a-rule; What-if,1,1,1,0,3,2,Differentiation | Potency,False,"S8: comparison, named alternatives ;; S19: NO DIFFERENCE",,,,False,False,1,Teacher reference > Teacher Prep > Day divider > Bellringer > Content/Explanation > Content/Explanation > Content/Explanation > Content/Explanation > Contrast Set > Content/Explanation > Build a Rule > Pattern Break > 3-Tier Question > Response slide > Activity > 3-Tier Question > Response slide > Day divider > Content/Explanation > Contrast Set > Build a Rule > Pattern Break > 3-Tier Question > Response slide > Activity > 3-Tier Question > Response slide > Content/Explanation > Content/Explanation > What if > Optional challenge > Optional challenge > Relates to me > Concept Bank > Day divider > Links slide > Image credits
▶ LIVE — Cycle 16a — Stem Cells and Differentiation.pptx,Cycle 16 — Mutations & Gene Expression (Unit 4),36,False,3,5,H-FORMAT-HEX; H-CONCEPT-BANK; H-TEACHER-NOTE,A-TN-ITEMS; A-MOVE1-NO-DIFF; A-NO-FUSION; A-CA-NOT-DECLARED; A-VISIBILITY,9144000x6858000,,,4,14,Critical aspect; Pattern break; Build-a-rule; What-if,1,0,1,0,3,2,Differentiation | Potency,False,"S8: comparison, named alternatives ;; S19: NO DIFFERENCE",,,,False,False,1,Teacher reference > Teacher Prep > Day divider > Bellringer > Content/Explanation > Content/Explanation > Content/Explanation > Content/Explanation > Contrast Set > Content/Explanation > Build a Rule > Pattern Break > 3-Tier Question > Response slide > Activity > 3-Tier Question > Response slide > Day divider > Content/Explanation > Contrast Set > Build a Rule > Pattern Break > 3-Tier Question > Response slide > Activity > 3-Tier Question > Response slide > Content/Explanation > Content/Explanation > What if > Optional challenge > Optional challenge > Relates to me > Day divider > Links slide > Image credits
▶ LIVE — Cycle 16b — Genetic Mutations — with Concept Bank.pptx,Cycle 16 — Mutations & Gene Expression (Unit 4),32,False,2,5,H-FORMAT-HEX; H-TEACHER-NOTE,A-TN-ITEMS; A-NO-FUSION; A-CA-NOT-DECLARED; A-VISIBILITY; A-BANK-NO-RELATE,9144000x6858000,,,3,13,Critical aspect; Pattern break; Build-a-rule; What-if,1,1,1,0,3,2,Point mutation vs. frameshift | Silent vs. harmful,True,"S8: comparison, change condition ;; S19: change condition",,,,False,False,1,Teacher reference > Teacher Prep > Day divider > Bellringer > Content/Explanation > Content/Explanation > Content/Explanation > Content/Explanation > Contrast Set > Content/Explanation > Build a Rule > Pattern Break > 3-Tier Question > Response slide > Activity > 3-Tier Question > Response slide > Day divider > Content/Explanation > Contrast Set > Build a Rule > Pattern Break > 3-Tier Question > Response slide > Activity > What if > Optional challenge > Relates to me > Concept Bank > Day divider > Links slide > Image credits
▶ LIVE — Cycle 16b — Genetic Mutations.pptx,Cycle 16 — Mutations & Gene Expression (Unit 4),31,False,3,4,H-FORMAT-HEX; H-CONCEPT-BANK; H-TEACHER-NOTE,A-TN-ITEMS; A-NO-FUSION; A-CA-NOT-DECLARED; A-VISIBILITY,9144000x6858000,,,3,13,Critical aspect; Pattern break; Build-a-rule; What-if,1,0,1,0,3,2,Point mutation vs. frameshift | Silent vs. harmful,True,"S8: comparison, change condition ;; S19: change condition",,,,False,False,1,Teacher reference > Teacher Prep > Day divider > Bellringer > Content/Explanation > Content/Explanation > Content/Explanation > Content/Explanation > Contrast Set > Content/Explanation > Build a Rule > Pattern Break > 3-Tier Question > Response slide > Activity > 3-Tier Question > Response slide > Day divider > Content/Explanation > Contrast Set > Build a Rule > Pattern Break > 3-Tier Question > Response slide > Activity > What if > Optional challenge > Relates to me > Day divider > Links slide > Image credits
▶ LIVE — Cycle 16c — Mutations and Genetic Disorders — with Concept Bank.pptx,Cycle 16 — Mutations & Gene Expression (Unit 4),33,False,2,6,H-FORMAT-HEX; H-TEACHER-NOTE,A-TN-ITEMS; A-MOVE1-NO-DIFF; A-NO-FUSION; A-CA-NOT-DECLARED; A-VISIBILITY; A-BANK-NO-RELATE,9144000x6858000,,,3,13,Critical aspect; Pattern break; Build-a-rule; What-if,1,1,1,0,3,2,Somatic vs. germline | Gene vs. chromosome,False,"S8: NO DIFFERENCE ;; S19: comparison, change condition",,,,False,False,1,Teacher reference > Teacher Prep > Day divider > Bellringer > Content/Explanation > Content/Explanation > Content/Explanation > Content/Explanation > Contrast Set > Content/Explanation > Build a Rule > Pattern Break > 3-Tier Question > Response slide > Activity > 3-Tier Question > Response slide > Day divider > Content/Explanation > Contrast Set > Build a Rule > Pattern Break > 3-Tier Question > Response slide > Activity > What if > Optional challenge > Optional challenge > Relates to me > Concept Bank > Day divider > Links slide > Image credits
▶ LIVE — Cycle 16c — Mutations and Genetic Disorders.pptx,Cycle 16 — Mutations & Gene Expression (Unit 4),32,False,3,5,H-FORMAT-HEX; H-CONCEPT-BANK; H-TEACHER-NOTE,A-TN-ITEMS; A-MOVE1-NO-DIFF; A-NO-FUSION; A-CA-NOT-DECLARED; A-VISIBILITY,9144000x6858000,,,3,13,Critical aspect; Pattern break; Build-a-rule; What-if,1,0,1,0,3,2,Somatic vs. germline | Gene vs. chromosome,False,"S8: NO DIFFERENCE ;; S19: comparison, change condition",,,,False,False,1,Teacher reference > Teacher Prep > Day divider > Bellringer > Content/Explanation > Content/Explanation > Content/Explanation > Content/Explanation > Contrast Set > Content/Explanation > Build a Rule > Pattern Break > 3-Tier Question > Response slide > Activity > 3-Tier Question > Response slide > Day divider > Content/Explanation > Contrast Set > Build a Rule > Pattern Break > 3-Tier Question > Response slide > Activity > What if > Optional challenge > Optional challenge > Relates to me > Day divider > Links slide > Image credits
▶ LIVE — Cycle 16d — Biotechnology — with Concept Bank.pptx,Cycle 16 — Mutations & Gene Expression (Unit 4),33,False,2,5,H-FORMAT-HEX; H-TEACHER-NOTE,A-TN-ITEMS; A-NO-FUSION; A-CA-NOT-DECLARED; A-VISIBILITY; A-BANK-NO-RELATE,9144000x6858000,,,3,13,Critical aspect; Pattern break; Build-a-rule; What-if,1,1,1,0,3,2,Selective breeding vs. genetic engineering | Recombinant DNA,True,S8: comparison ;; S20: comparison,,,,False,False,1,Teacher reference > Teacher Prep > Day divider > Bellringer > Content/Explanation > Content/Explanation > Content/Explanation > Content/Explanation > Contrast Set > Content/Explanation > Build a Rule > Pattern Break > 3-Tier Question > Response slide > Content/Explanation > Activity > 3-Tier Question > Response slide > Day divider > Content/Explanation > Contrast Set > Build a Rule > Pattern Break > 3-Tier Question > Response slide > Activity > What if > Optional challenge > Relates to me > Concept Bank > Day divider > Links slide > Image credits
▶ LIVE — Cycle 16d — Biotechnology.pptx,Cycle 16 — Mutations & Gene Expression (Unit 4),32,False,3,4,H-FORMAT-HEX; H-CONCEPT-BANK; H-TEACHER-NOTE,A-TN-ITEMS; A-NO-FUSION; A-CA-NOT-DECLARED; A-VISIBILITY,9144000x6858000,,,3,13,Critical aspect; Pattern break; Build-a-rule; What-if,1,0,1,0,3,2,Selective breeding vs. genetic engineering | Recombinant DNA,True,S8: comparison ;; S20: comparison,,,,False,False,1,Teacher reference > Teacher Prep > Day divider > Bellringer > Content/Explanation > Content/Explanation > Content/Explanation > Content/Explanation > Contrast Set > Content/Explanation > Build a Rule > Pattern Break > 3-Tier Question > Response slide > Content/Explanation > Activity > 3-Tier Question > Response slide > Day divider > Content/Explanation > Contrast Set > Build a Rule > Pattern Break > 3-Tier Question > Response slide > Activity > What if > Optional challenge > Relates to me > Day divider > Links slide > Image credits
▶ LIVE — Cycle 17 — Darwin & Evidence of Evolution — with Concept Bank.pptx,Cycle 17 — Darwin & Evidence of Evolution (Unit 4),32,False,1,5,H-TEACHER-NOTE,A-TN-ITEMS; A-NO-FUSION; A-CA-NOT-DECLARED; A-VISIBILITY; A-BANK-NO-RELATE,9144000x6858000,,,2,12,Critical aspect; Pattern break; Build-a-rule; What-if,1,1,1,0,3,2,Fossils record change over time | Independent lines of evidence,True,S8: comparison ;; S19: comparison,,,,False,False,1,Teacher reference > Teacher Prep > Day divider > Bellringer > Content/Explanation > Content/Explanation > Content/Explanation > Content/Explanation > Contrast Set > Content/Explanation > Content/Explanation > Build a Rule > Pattern Break > 3-Tier Question > Response slide > Activity > Activity > Day divider > Content/Explanation > Contrast Set > Build a Rule > Pattern Break > 3-Tier Question > Response slide > Activity > What if > Optional challenge > Relates to me > Concept Bank > Day divider > Links slide > Image credits
▶ LIVE — Cycle 17 — Darwin & Evidence of Evolution.pptx,Cycle 17 — Darwin & Evidence of Evolution (Unit 4),31,False,2,4,H-CONCEPT-BANK; H-TEACHER-NOTE,A-TN-ITEMS; A-NO-FUSION; A-CA-NOT-DECLARED; A-VISIBILITY,9144000x6858000,,,2,12,Critical aspect; Pattern break; Build-a-rule; What-if,1,0,1,0,3,2,Fossils record change over time | Independent lines of evidence,True,S8: comparison ;; S19: comparison,,,,False,False,1,Teacher reference > Teacher Prep > Day divider > Bellringer > Content/Explanation > Content/Explanation > Content/Explanation > Content/Explanation > Contrast Set > Content/Explanation > Content/Explanation > Build a Rule > Pattern Break > 3-Tier Question > Response slide > Activity > Activity > Day divider > Content/Explanation > Contrast Set > Build a Rule > Pattern Break > 3-Tier Question > Response slide > Activity > What if > Optional challenge > Relates to me > Day divider > Links slide > Image credits
▶ LIVE — Cycle 18 — Natural Selection & Adaptation — with Concept Bank.pptx,Cycle 18 — Natural Selection & Adaptation (Unit 4),33,False,1,6,H-TEACHER-NOTE,A-TN-ITEMS; A-CA-NOT-DECLARED; A-COND-NO-REASON; A-VISIBILITY; A-BANK-NO-RELATE; A-WHATIF,9144000x6858000,,,2,12,Critical aspect; Pattern break; Build-a-rule; What-if,1,1,1,0,3,2,Variation is the raw material for selection | The environment decides which traits survive,True,"S8: comparison, change condition ;; S19: comparison, named alternatives, change condition",stock-and-flow model (slide 9),,Stock-and-flow model (slide 9),False,False,1,Teacher reference > Teacher Prep > Day divider > Bellringer > Content/Explanation > Content/Explanation > Content/Explanation > Content/Explanation > Stock-and-flow model > Contrast Set > Content/Explanation > Content/Explanation > Build a Rule > Pattern Break > 3-Tier Question > Response slide > Activity > Day divider > Content/Explanation > Contrast Set > Build a Rule > Pattern Break > 3-Tier Question > Response slide > Activity > Activity > What if > Optional challenge > Relates to me > Concept Bank > Day divider > Links slide > Image credits
▶ LIVE — Cycle 18 — Natural Selection & Adaptation.pptx,Cycle 18 — Natural Selection & Adaptation (Unit 4),32,False,2,5,H-CONCEPT-BANK; H-TEACHER-NOTE,A-TN-ITEMS; A-CA-NOT-DECLARED; A-COND-NO-REASON; A-VISIBILITY; A-WHATIF,9144000x6858000,,,2,12,Critical aspect; Pattern break; Build-a-rule; What-if,1,0,1,0,3,2,Variation is the raw material for selection | The environment decides which traits survive,True,"S8: comparison, change condition ;; S19: comparison, named alternatives, change condition",stock-and-flow model (slide 9),,Stock-and-flow model (slide 9),False,False,1,Teacher reference > Teacher Prep > Day divider > Bellringer > Content/Explanation > Content/Explanation > Content/Explanation > Content/Explanation > Stock-and-flow model > Contrast Set > Content/Explanation > Content/Explanation > Build a Rule > Pattern Break > 3-Tier Question > Response slide > Activity > Day divider > Content/Explanation > Contrast Set > Build a Rule > Pattern Break > 3-Tier Question > Response slide > Activity > Activity > What if > Optional challenge > Relates to me > Day divider > Links slide > Image credits
▶ LIVE — Cycle 19 — Speciation & Biodiversity — with Concept Bank.pptx,Cycle 19 — Speciation & Biodiversity (Unit 4),31,False,1,9,H-TEACHER-NOTE,A-PALETTE-DRIFT; A-TN-ITEMS; A-MOVE1-NO-DIFF; A-CA-NOT-DECLARED; A-COND-NO-REASON; A-VISIBILITY; A-BANK-NO-RELATE; A-WHATIF,9144000x6858000,,333333,2,12,Critical aspect; Pattern break; Build-a-rule; What-if,1,1,1,0,3,2,How new species form | What makes a grouping useful,False,S8: NO DIFFERENCE ;; S18: NO DIFFERENCE,stock-and-flow model (slide 9),,Stock-and-flow model (slide 9),False,False,1,Teacher reference > Teacher Prep > Day divider > Bellringer > Content/Explanation > Content/Explanation > Content/Explanation > Content/Explanation > Stock-and-flow model > Contrast Set > Content/Explanation > Build a Rule > Pattern Break > 3-Tier Question > Response slide > Activity > Day divider > Content/Explanation > Contrast Set > Build a Rule > Pattern Break > 3-Tier Question > Response slide > Activity > What if > Optional challenge > Relates to me > Concept Bank > Day divider > Links slide > Image credits
▶ LIVE — Cycle 19 — Speciation & Biodiversity.pptx,Cycle 19 — Speciation & Biodiversity (Unit 4),30,False,2,8,H-CONCEPT-BANK; H-TEACHER-NOTE,A-PALETTE-DRIFT; A-TN-ITEMS; A-MOVE1-NO-DIFF; A-CA-NOT-DECLARED; A-COND-NO-REASON; A-VISIBILITY; A-WHATIF,9144000x6858000,,333333,2,12,Critical aspect; Pattern break; Build-a-rule; What-if,1,0,1,0,3,2,How new species form | What makes a grouping useful,False,S8: NO DIFFERENCE ;; S18: NO DIFFERENCE,stock-and-flow model (slide 9),,Stock-and-flow model (slide 9),False,False,1,Teacher reference > Teacher Prep > Day divider > Bellringer > Content/Explanation > Content/Explanation > Content/Explanation > Content/Explanation > Stock-and-flow model > Contrast Set > Content/Explanation > Build a Rule > Pattern Break > 3-Tier Question > Response slide > Activity > Day divider > Content/Explanation > Contrast Set > Build a Rule > Pattern Break > 3-Tier Question > Response slide > Activity > What if > Optional challenge > Relates to me > Day divider > Links slide > Image credits
▶ LIVE — Cycle 20 — Human Impact Capstone — with Concept Bank.pptx,Cycle 20 — Human Impact (Capstone) (Unit 4),31,False,1,6,H-TEACHER-NOTE,A-TN-ITEMS; A-CA-NOT-DECLARED; A-COND-NO-REASON; A-VISIBILITY; A-BANK-NO-RELATE; A-WHATIF,9144000x6858000,,,2,12,Critical aspect; Pattern break; Build-a-rule; What-if,1,1,1,0,3,2,Renewable vs. nonrenewable | Non-native vs. invasive,True,"S8: comparison, named alternatives ;; S18: comparison",stock-and-flow model (slide 9),,Stock-and-flow model (slide 9),False,False,1,Teacher reference > Teacher Prep > Day divider > Bellringer > Content/Explanation > Content/Explanation > Content/Explanation > Content/Explanation > Stock-and-flow model > Contrast Set > Content/Explanation > Build a Rule > Pattern Break > 3-Tier Question > Response slide > Activity > Day divider > Content/Explanation > Contrast Set > Build a Rule > Pattern Break > 3-Tier Question > Response slide > Activity > What if > Optional challenge > Relates to me > Concept Bank > Day divider > Links slide > Image credits
▶ LIVE — Cycle 20 — Human Impact Capstone.pptx,Cycle 20 — Human Impact (Capstone) (Unit 4),30,False,2,5,H-CONCEPT-BANK; H-TEACHER-NOTE,A-TN-ITEMS; A-CA-NOT-DECLARED; A-COND-NO-REASON; A-VISIBILITY; A-WHATIF,9144000x6858000,,,2,12,Critical aspect; Pattern break; Build-a-rule; What-if,1,0,1,0,3,2,Renewable vs. nonrenewable | Non-native vs. invasive,True,"S8: comparison, named alternatives ;; S18: comparison",stock-and-flow model (slide 9),,Stock-and-flow model (slide 9),False,False,1,Teacher reference > Teacher Prep > Day divider > Bellringer > Content/Explanation > Content/Explanation > Content/Explanation > Content/Explanation > Stock-and-flow model > Contrast Set > Content/Explanation > Build a Rule > Pattern Break > 3-Tier Question > Response slide > Activity > Day divider > Content/Explanation > Contrast Set > Build a Rule > Pattern Break > 3-Tier Question > Response slide > Activity > What if > Optional challenge > Relates to me > Day divider > Links slide > Image credits
