cycle,deck_file,slide,link_text,old_url,new_url,target_file,evidence
Cycle 03,▶ LIVE — Cycle 03 — Energy Flow & Trophic Pyramids — with Concept Bank.pptx,1,Energy Flow — Station Checksheet,about:blank,https://drive.google.com/file/d/1dUHg9wztUe2kQUjnOUpY8lYzsAXiMDZ1/view,Cycle 03 — Energy Flow — Station Checksheet.docx,name match 0.80 in the deck's own cycle; target = SHARED tree (print subfolder); the same file exists as 4 copies (AGENDA+PUBLIC+SHARED) — SHARED chosen because 71/71 working links point there
Cycle 03,▶ LIVE — Cycle 03 — Energy Flow & Trophic Pyramids.pptx,1,Energy Flow — Station Checksheet,about:blank,https://drive.google.com/file/d/1dUHg9wztUe2kQUjnOUpY8lYzsAXiMDZ1/view,Cycle 03 — Energy Flow — Station Checksheet.docx,name match 0.80 in the deck's own cycle; target = SHARED tree (print subfolder); the same file exists as 4 copies (AGENDA+PUBLIC+SHARED) — SHARED chosen because 71/71 working links point there
Cycle 05,▶ LIVE — Cycle 05 — Photosynthesis — with Concept Bank.pptx,1,Van Helmont — where a tree's mass comes from,https://drive.google.com/file/d/1Spjx6KJAo1ka2Ms-LfCnsHQmOOCbIZcx/view,https://drive.google.com/file/d/1Vybu8iVyXmx1BHKk10E0Vc8ozOx6NdUu/view,(BOTH) Cycle 05 — Where Does a Tree_s Mass Come From — Van Helmont.docx,name match 0.60 in the deck's own cycle; target = SHARED tree; WARNING 2 differently-named candidates tie ((BOTH) Cycle 05 — Where Does a Tree_s Mass Come From — Van Helmont; Cycle 05 — Where Does a Tree_s Mass Come From — Van ) — verify by hand
Cycle 05,▶ LIVE — Cycle 05 — Photosynthesis — with Concept Bank.pptx,1,Photosynthesis Leaf-Disk Lab,https://drive.google.com/file/d/1oiLh3D3NMCeQcehS7U3n7B0SCQNsBPZq/view,https://drive.google.com/file/d/1QlALR7naF23AqsE4j7Jr-B6HvLTdxfru/view,Cycle 05 — Photosynthesis Leaf-Disk Lab.docx,name match 0.80 in the deck's own cycle; target = SHARED tree (print subfolder); the same file exists as 3 copies (AGENDA+PUBLIC+SHARED) — SHARED chosen because 71/71 working links point there
Cycle 05,▶ LIVE — Cycle 05 — Photosynthesis.pptx,1,Van Helmont — where a tree's mass comes from,https://drive.google.com/file/d/1Spjx6KJAo1ka2Ms-LfCnsHQmOOCbIZcx/view,https://drive.google.com/file/d/1Vybu8iVyXmx1BHKk10E0Vc8ozOx6NdUu/view,(BOTH) Cycle 05 — Where Does a Tree_s Mass Come From — Van Helmont.docx,name match 0.60 in the deck's own cycle; target = SHARED tree; WARNING 2 differently-named candidates tie ((BOTH) Cycle 05 — Where Does a Tree_s Mass Come From — Van Helmont; Cycle 05 — Where Does a Tree_s Mass Come From — Van ) — verify by hand
Cycle 05,▶ LIVE — Cycle 05 — Photosynthesis.pptx,1,Photosynthesis Leaf-Disk Lab,https://drive.google.com/file/d/1oiLh3D3NMCeQcehS7U3n7B0SCQNsBPZq/view,https://drive.google.com/file/d/1QlALR7naF23AqsE4j7Jr-B6HvLTdxfru/view,Cycle 05 — Photosynthesis Leaf-Disk Lab.docx,name match 0.80 in the deck's own cycle; target = SHARED tree (print subfolder); the same file exists as 3 copies (AGENDA+PUBLIC+SHARED) — SHARED chosen because 71/71 working links point there
Cycle 06,▶ LIVE — Cycle 06 — Cellular Respiration & Fermentation — with Concept Bank.pptx,32,https://drive.google.com/file/d/1wBLxic3jHtPKsO8eHRWXuZ5C1FbmBrvY/view,https://drive.google.com/file/d/1SK3ONY4nwLKp1X_E3-2XyqCcuS59vSWr/view,https://drive.google.com/file/d/1wBLxic3jHtPKsO8eHRWXuZ5C1FbmBrvY/view,Cycle 06 — Cellular Respiration — CA1 Worksheet.docx,the slide PRINTS 1wBLxic3... and that id resolves; the live hyperlink goes to 1SK3ONY4... which resolves nowhere. Fix = make the link match its own printed URL. Two independent signals agree.
Cycle 06,▶ LIVE — Cycle 06 — Cellular Respiration & Fermentation.pptx,31,https://drive.google.com/file/d/1wBLxic3jHtPKsO8eHRWXuZ5C1FbmBrvY/view,https://drive.google.com/file/d/1SK3ONY4nwLKp1X_E3-2XyqCcuS59vSWr/view,https://drive.google.com/file/d/1wBLxic3jHtPKsO8eHRWXuZ5C1FbmBrvY/view,Cycle 06 — Cellular Respiration — CA1 Worksheet.docx,the slide PRINTS 1wBLxic3... and that id resolves; the live hyperlink goes to 1SK3ONY4... which resolves nowhere. Fix = make the link match its own printed URL. Two independent signals agree.
Cycle 08,▶ LIVE — Cycle 08 — Cells & Organelles — with Concept Bank.pptx,1,Cell Organelles Activity Guide,https://drive.google.com/file/d/1Z93aLwdJ7JgKuvPtQw-tlB_aRKbnK152/view,https://drive.google.com/file/d/1rvKft2koiEEGdO7HC-7lhAVMm8jLs3kk/view,Cycle 08 — Cell Organelles Activity Guide.docx,name match 0.80 in the deck's own cycle; target = SHARED tree (print subfolder); the same file exists as 3 copies (AGENDA+PUBLIC+SHARED) — SHARED chosen because 71/71 working links point there
Cycle 08,▶ LIVE — Cycle 08 — Cells & Organelles.pptx,1,Cell Organelles Activity Guide,https://drive.google.com/file/d/1Z93aLwdJ7JgKuvPtQw-tlB_aRKbnK152/view,https://drive.google.com/file/d/1rvKft2koiEEGdO7HC-7lhAVMm8jLs3kk/view,Cycle 08 — Cell Organelles Activity Guide.docx,name match 0.80 in the deck's own cycle; target = SHARED tree (print subfolder); the same file exists as 3 copies (AGENDA+PUBLIC+SHARED) — SHARED chosen because 71/71 working links point there
Cycle 18,▶ LIVE — Cycle 18 — Natural Selection & Adaptation — with Concept Bank.pptx,1,Evolution Stations check sheet,https://drive.google.com/file/d/1AGpX73RKRCnsg5Xu_gmZerw6td4WEg77/view,https://drive.google.com/file/d/1Oxz2p9jl_IxzyB0fRhgSSQQPiVtckDYq/view,Cycle 18 — Evolution Stations Check Sheet.docx,name match 0.80 in the deck's own cycle; target = SHARED tree (print subfolder); the same file exists as 3 copies (AGENDA+PUBLIC+SHARED) — SHARED chosen because 71/71 working links point there
Cycle 18,▶ LIVE — Cycle 18 — Natural Selection & Adaptation — with Concept Bank.pptx,1,Gene-pool bead lab — allele frequency,https://drive.google.com/file/d/1KLXsjXUqG8uzLbBM9jdlaROmDPSysHQb/view,https://drive.google.com/file/d/1xf7goh5P5cp16qVCUvADnAPToz2l9oWz/view,Gene-Pool Allele-Frequency Simulation.pdf,"name match 0.57 in the deck's own cycle; target = PUBLIC tree; NOTE this file exists only in the PUBLIC tree — it is missing from BIOLOGY (Shared), where every other working link resolves"
Cycle 18,▶ LIVE — Cycle 18 — Natural Selection & Adaptation — with Concept Bank.pptx,1,Comparing bones — chicken anatomy,https://drive.google.com/file/d/1PRkBFxKtCm9r0rZWK6_hbDhZt_UAWl42/view,https://drive.google.com/file/d/1jcEhtTVvo4YgIRYR7EWESkYMgQn6s9wt/view,Cycle 18 — EvoArc4_Morphology_Chicken_Anatomy.docx,"scorer said 0.25 (filename uses EvoArc4_Morphology, the label says 'Comparing bones'), but 'chicken anatomy' is the shared distinctive pair and this is the ONLY chicken file in Cycle 18 in any tree. Verified by hand."
Cycle 18,▶ LIVE — Cycle 18 — Natural Selection & Adaptation — with Concept Bank.pptx,32,Evolution Stations check sheet,https://drive.google.com/file/d/1AGpX73RKRCnsg5Xu_gmZerw6td4WEg77/view,https://drive.google.com/file/d/1Oxz2p9jl_IxzyB0fRhgSSQQPiVtckDYq/view,Cycle 18 — Evolution Stations Check Sheet.docx,name match 0.80 in the deck's own cycle; target = SHARED tree (print subfolder); the same file exists as 3 copies (AGENDA+PUBLIC+SHARED) — SHARED chosen because 71/71 working links point there
Cycle 18,▶ LIVE — Cycle 18 — Natural Selection & Adaptation — with Concept Bank.pptx,32,Gene-pool bead lab — allele frequency,https://drive.google.com/file/d/1KLXsjXUqG8uzLbBM9jdlaROmDPSysHQb/view,https://drive.google.com/file/d/1xf7goh5P5cp16qVCUvADnAPToz2l9oWz/view,Gene-Pool Allele-Frequency Simulation.pdf,"name match 0.57 in the deck's own cycle; target = PUBLIC tree; NOTE this file exists only in the PUBLIC tree — it is missing from BIOLOGY (Shared), where every other working link resolves"
Cycle 18,▶ LIVE — Cycle 18 — Natural Selection & Adaptation — with Concept Bank.pptx,32,Comparing bones — chicken anatomy,https://drive.google.com/file/d/1PRkBFxKtCm9r0rZWK6_hbDhZt_UAWl42/view,https://drive.google.com/file/d/1jcEhtTVvo4YgIRYR7EWESkYMgQn6s9wt/view,Cycle 18 — EvoArc4_Morphology_Chicken_Anatomy.docx,"scorer said 0.25 (filename uses EvoArc4_Morphology, the label says 'Comparing bones'), but 'chicken anatomy' is the shared distinctive pair and this is the ONLY chicken file in Cycle 18 in any tree. Verified by hand."
Cycle 18,▶ LIVE — Cycle 18 — Natural Selection & Adaptation.pptx,1,Evolution Stations check sheet,https://drive.google.com/file/d/1AGpX73RKRCnsg5Xu_gmZerw6td4WEg77/view,https://drive.google.com/file/d/1Oxz2p9jl_IxzyB0fRhgSSQQPiVtckDYq/view,Cycle 18 — Evolution Stations Check Sheet.docx,name match 0.80 in the deck's own cycle; target = SHARED tree (print subfolder); the same file exists as 3 copies (AGENDA+PUBLIC+SHARED) — SHARED chosen because 71/71 working links point there
Cycle 18,▶ LIVE — Cycle 18 — Natural Selection & Adaptation.pptx,1,Gene-pool bead lab — allele frequency,https://drive.google.com/file/d/1KLXsjXUqG8uzLbBM9jdlaROmDPSysHQb/view,https://drive.google.com/file/d/1xf7goh5P5cp16qVCUvADnAPToz2l9oWz/view,Gene-Pool Allele-Frequency Simulation.pdf,"name match 0.57 in the deck's own cycle; target = PUBLIC tree; NOTE this file exists only in the PUBLIC tree — it is missing from BIOLOGY (Shared), where every other working link resolves"
Cycle 18,▶ LIVE — Cycle 18 — Natural Selection & Adaptation.pptx,1,Comparing bones — chicken anatomy,https://drive.google.com/file/d/1PRkBFxKtCm9r0rZWK6_hbDhZt_UAWl42/view,https://drive.google.com/file/d/1jcEhtTVvo4YgIRYR7EWESkYMgQn6s9wt/view,Cycle 18 — EvoArc4_Morphology_Chicken_Anatomy.docx,"scorer said 0.25 (filename uses EvoArc4_Morphology, the label says 'Comparing bones'), but 'chicken anatomy' is the shared distinctive pair and this is the ONLY chicken file in Cycle 18 in any tree. Verified by hand."
Cycle 18,▶ LIVE — Cycle 18 — Natural Selection & Adaptation.pptx,31,Evolution Stations check sheet,https://drive.google.com/file/d/1AGpX73RKRCnsg5Xu_gmZerw6td4WEg77/view,https://drive.google.com/file/d/1Oxz2p9jl_IxzyB0fRhgSSQQPiVtckDYq/view,Cycle 18 — Evolution Stations Check Sheet.docx,name match 0.80 in the deck's own cycle; target = SHARED tree (print subfolder); the same file exists as 3 copies (AGENDA+PUBLIC+SHARED) — SHARED chosen because 71/71 working links point there
Cycle 18,▶ LIVE — Cycle 18 — Natural Selection & Adaptation.pptx,31,Gene-pool bead lab — allele frequency,https://drive.google.com/file/d/1KLXsjXUqG8uzLbBM9jdlaROmDPSysHQb/view,https://drive.google.com/file/d/1xf7goh5P5cp16qVCUvADnAPToz2l9oWz/view,Gene-Pool Allele-Frequency Simulation.pdf,"name match 0.57 in the deck's own cycle; target = PUBLIC tree; NOTE this file exists only in the PUBLIC tree — it is missing from BIOLOGY (Shared), where every other working link resolves"
Cycle 18,▶ LIVE — Cycle 18 — Natural Selection & Adaptation.pptx,31,Comparing bones — chicken anatomy,https://drive.google.com/file/d/1PRkBFxKtCm9r0rZWK6_hbDhZt_UAWl42/view,https://drive.google.com/file/d/1jcEhtTVvo4YgIRYR7EWESkYMgQn6s9wt/view,Cycle 18 — EvoArc4_Morphology_Chicken_Anatomy.docx,"scorer said 0.25 (filename uses EvoArc4_Morphology, the label says 'Comparing bones'), but 'chicken anatomy' is the shared distinctive pair and this is the ONLY chicken file in Cycle 18 in any tree. Verified by hand."
